Image1-x,Image1-y,Image2-x,Image2-y
2884.3779296875,2243.635498046875,246.34373474121094,2398.740966796875
2881.475341796875,2245.46044921875,243.6563720703125,2400.73193359375
3371.774169921875,2268.154052734375,784.716796875,2368.483154296875
3375.8212890625,2266.445068359375,788.797607421875,2366.392822265625
3374.16259765625,2269.348388671875,788.2999877929688,2367.885986328125
2883.963623046875,2244.465087890625,244.8507537841797,2400.731689453125
