Image1-x,Image1-y,Image2-x,Image2-y
2039.1949462890625,555.5272827148438,285.0948181152344,474.9517517089844
2039.1949462890625,555.5272827148438,285.00634765625,475.2736511230469
1923.4793701171875,246.12649536132812,725.6388549804688,196.62200927734375
2009.609619140625,611.1798706054688,262.78338623046875,505.682373046875
2023.33984375,587.8401489257812,272.349609375,493.44293212890625
2037.6085205078125,624.8904418945312,217.44827270507812,528.218017578125
390.5831298828125,1125.0994873046875,1592.16162109375,236.9416961669922
