Image1-x,Image1-y,Image2-x,Image2-y
370.8000183105469,306.0,364.8000183105469,706.800048828125
1182.4500732421875,132.57772827148438,361.15203857421875,705.0240478515625
1185.4359130859375,131.38333129882812,361.44000244140625,705.6000366210938
372.6509094238281,146.91046142578125,344.2176513671875,576.4608764648438
1266.0576171875,107.49545288085938,361.20001220703125,704.4000244140625
1332.2880859375,82.94400787353516,361.0,705.0
