Image1-x,Image1-y,Image2-x,Image2-y
3615.063232421875,436.5724792480469,1816.2979736328125,205.47119140625
3675.413330078125,679.7156372070312,1869.596435546875,441.3336181640625
3748.279541015625,1447.8975830078125,1949.7073974609375,1158.7164306640625
3751.3828125,1475.338134765625,1952.7474365234375,1182.8194580078125
3751.129150390625,1474.4703369140625,1952.56201171875,1180.0831298828125
3747.781982421875,1456.208984375,1949.639892578125,1165.363525390625
1169.0665283203125,1967.1842041015625,114.72412872314453,2488.407470703125
3615.553466796875,394.20770263671875,1814.8687744140625,162.2840576171875
