Image1-x,Image1-y,Image2-x,Image2-y
1697.760009765625,1595.52001953125,3513.60009765625,242.40000915527344
1731.0,2332.0,3210.624267578125,838.080078125
1696.8961181640625,1594.944091796875,3513.60009765625,241.92001342773438
1876.320068359375,1689.1201171875,3528.000244140625,198.00001525878906
1874.880126953125,1691.712158203125,3528.000244140625,198.72000122070312
