Image1-x,Image1-y,Image2-x,Image2-y
3093.240966796875,10.665879249572754,2966.79833984375,1035.548583984375
290.09588623046875,823.9568481445312,2729.214111328125,1329.9814453125
3078.888916015625,13.207695960998535,2966.79833984375,1035.548583984375
2960.63720703125,21.091672897338867,2962.144775390625,1036.771728515625
2960.63720703125,21.091672897338867,2962.144775390625,1036.771728515625
288.941650390625,1018.443603515625,625.8162231445312,1684.67626953125
