Image1-x,Image1-y,Image2-x,Image2-y
2532.87548828125,1193.9046630859375,501.1783752441406,874.2642822265625
1348.892822265625,998.1871948242188,535.2341918945312,897.2400512695312
1199.265869140625,972.0059204101562,538.3560791015625,899.593994140625
2115.5390625,387.4670715332031,885.6264038085938,119.0309066772461
2115.5390625,387.4670715332031,885.6264038085938,119.0309066772461
